const,year,start_date,lowest_date,end_date,start_price,lowest_price,end_price,days_of_recovery,months_of_recovery,years_of_recovery,abs_percentage_loss,pred_days_of_recovery1,abs_per_loss_squared,pred_days_of_recovery2
1.0,1929,1929-09-16,1932-06-01,1954-09-22,31.860001,4.4,32.0,9137.0,300.19507587424795,25.016256322853994,0.8618957984339045,7510.297779671434,0.7428643673580178,8994.091923204614
1.0,1956,1956-08-02,1957-10-22,1958-09-24,49.639998999999996,38.98,49.779999,783.0,25.725374237664017,2.1437811864720016,0.2147461566226059,-142.6903938990872,0.046115911784180785,531.821901848243
1.0,1961,1961-12-12,1962-06-26,1963-09-03,72.639999,52.32,72.660004,630.0,20.698576972833116,1.7248814144027598,0.27973567290385015,625.855190263434,0.07825204669496984,652.4057065795237
1.0,1966,1966-02-09,1966-10-07,1967-05-04,94.059998,73.199997,94.32,449.0,14.751842953654078,1.2293202461378399,0.22177335151548694,-59.588996735253204,0.04918341944241173,537.0097010498768
1.0,1968,1968-11-29,1970-05-26,1972-03-06,108.370003,69.290001,108.769997,1193.0,39.19587671204747,3.2663230593372896,0.360616415227007,1582.32541674192,0.1300441989311771,1029.8757714538356
1.0,1973,1973-01-11,1974-10-03,1980-07-17,120.239998,62.279999,121.440002,2744.0,90.15380192611758,7.512816827176465,0.482035927844909,3018.1943936677408,0.23235863573330232,2069.9808602322237
1.0,1980,1980-11-28,1982-08-12,1982-11-03,140.520004,102.41999799999999,142.869995,705.0,23.162693279122774,1.930224439926898,0.27113581636391076,524.1559909710545,0.07351463091532434,627.1022520510369
1.0,1987,1987-08-25,1987-12-04,1989-07-26,336.769989,223.919998,338.049988,701.0,23.031273742787327,1.919272811898944,0.3350951530303967,1280.518994940327,0.11228876158446499,883.5364460245537
1.0,1990,1990-07-16,1990-10-11,1991-02-13,368.950012,295.459991,369.019989,212.0,6.965235425778763,0.5804362854815637,0.19918693213106606,-326.6888902752994,0.039675433931785915,527.1089108289283
1.0,2000,2000-03-24,2002-10-09,2007-05-30,1527.459961,776.76001,1530.22998,2623.0,86.17836095197026,7.181530079330855,0.49146947885202213,3129.7526015810545,0.24154224864307824,2174.5831291424793
1.0,2007,2007-10-09,2009-03-09,2013-03-28,1565.150024,676.530029,1569.189941,1997.0,65.6112035154726,5.46760029295605,0.5677538775030553,4031.867913072683,0.3223444654197543,3146.483397584681
